<?xml version="1.0" encoding="UTF-8"?><?xml-stylesheet type='text/xsl' href='_UpgradeReport_Files/UpgradeReport.xslt'?><UpgradeLog>
<Properties><Property Name="Solution" Value="NoteBookService">
</Property><Property Name="Solution File" Value="D:\Maxtor_1\Задачи\На заказ\C#\web-service\web-service\NoteBookService\NoteBookService.sln">
</Property><Property Name="User Options File" Value="D:\Maxtor_1\Задачи\На заказ\C#\web-service\web-service\NoteBookService\NoteBookService.suo">
</Property><Property Name="Date" Value="8 декабря 2012 г.">
</Property><Property Name="Time" Value="9:59">
</Property></Properties><Event ErrorLevel="0" Project="" Source="NoteBookService.sln" Description="File successfully backed up as D:\Maxtor_1\Задачи\На заказ\C#\web-service\web-service\NoteBookService\Backup\NoteBookService.sln">
</Event><Event ErrorLevel="0" Project="" Source="NoteBookService.suo" Description="File successfully backed up as D:\Maxtor_1\Задачи\На заказ\C#\web-service\web-service\NoteBookService\Backup\NoteBookService.suo">
</Event><Event ErrorLevel="0" Project="NoteBookService" Source="NoteBookService\NoteBookService.csproj" Description="Project file successfully backed up as D:\Maxtor_1\Задачи\На заказ\C#\web-service\web-service\NoteBookService\Backup\NoteBookService\NoteBookService.csproj">
</Event><Event ErrorLevel="0" Project="NoteBookService" Source="NoteBookService\NoteBookService.csproj.user" Description="Project user file successfully backed up as D:\Maxtor_1\Задачи\На заказ\C#\web-service\web-service\NoteBookService\Backup\NoteBookService\NoteBookService.csproj.user">
</Event><Event ErrorLevel="0" Project="NoteBookService" Source="NoteBookService\NoteBookService.asmx.cs" Description="File successfully backed up as D:\Maxtor_1\Задачи\На заказ\C#\web-service\web-service\NoteBookService\Backup\NoteBookService\NoteBookService.asmx.cs">
</Event><Event ErrorLevel="0" Project="NoteBookService" Source="NoteBookService\Properties\AssemblyInfo.cs" Description="File successfully backed up as D:\Maxtor_1\Задачи\На заказ\C#\web-service\web-service\NoteBookService\Backup\NoteBookService\Properties\AssemblyInfo.cs">
</Event><Event ErrorLevel="0" Project="NoteBookService" Source="NoteBookService\Properties\Settings.Designer.cs" Description="File successfully backed up as D:\Maxtor_1\Задачи\На заказ\C#\web-service\web-service\NoteBookService\Backup\NoteBookService\Properties\Settings.Designer.cs">
</Event><Event ErrorLevel="0" Project="NoteBookService" Source="NoteBookService\Properties\Settings.settings" Description="File successfully backed up as D:\Maxtor_1\Задачи\На заказ\C#\web-service\web-service\NoteBookService\Backup\NoteBookService\Properties\Settings.settings">
</Event><Event ErrorLevel="0" Project="NoteBookService" Source="NoteBookService\NoteBookService.asmx" Description="File successfully backed up as D:\Maxtor_1\Задачи\На заказ\C#\web-service\web-service\NoteBookService\Backup\NoteBookService\NoteBookService.asmx">
</Event><Event ErrorLevel="0" Project="NoteBookService" Source="NoteBookService\Web.config" Description="File successfully backed up as D:\Maxtor_1\Задачи\На заказ\C#\web-service\web-service\NoteBookService\Backup\NoteBookService\Web.config">
</Event><Event ErrorLevel="0" Project="NoteBookService" Source="NoteBookService\NoteBookService.csproj" Description="Project converted successfully">
</Event><Event ErrorLevel="3" Project="NoteBookService" Source="NoteBookService\NoteBookService.csproj" Description="Converted">
</Event><Event ErrorLevel="0" Project="NoteBookClient" Source="NoteBookClient\NoteBookClient.csproj" Description="Project file successfully backed up as D:\Maxtor_1\Задачи\На заказ\C#\web-service\web-service\NoteBookService\Backup\NoteBookClient\NoteBookClient.csproj">
</Event><Event ErrorLevel="0" Project="NoteBookClient" Source="NoteBookClient\frmNoteClient.cs" Description="File successfully backed up as D:\Maxtor_1\Задачи\На заказ\C#\web-service\web-service\NoteBookService\Backup\NoteBookClient\frmNoteClient.cs">
</Event><Event ErrorLevel="0" Project="NoteBookClient" Source="NoteBookClient\frmNoteClient.Designer.cs" Description="File successfully backed up as D:\Maxtor_1\Задачи\На заказ\C#\web-service\web-service\NoteBookService\Backup\NoteBookClient\frmNoteClient.Designer.cs">
</Event><Event ErrorLevel="0" Project="NoteBookClient" Source="NoteBookClient\NoteForm.cs" Description="File successfully backed up as D:\Maxtor_1\Задачи\На заказ\C#\web-service\web-service\NoteBookService\Backup\NoteBookClient\NoteForm.cs">
</Event><Event ErrorLevel="0" Project="NoteBookClient" Source="NoteBookClient\NoteForm.Designer.cs" Description="File successfully backed up as D:\Maxtor_1\Задачи\На заказ\C#\web-service\web-service\NoteBookService\Backup\NoteBookClient\NoteForm.Designer.cs">
</Event><Event ErrorLevel="0" Project="NoteBookClient" Source="NoteBookClient\Program.cs" Description="File successfully backed up as D:\Maxtor_1\Задачи\На заказ\C#\web-service\web-service\NoteBookService\Backup\NoteBookClient\Program.cs">
</Event><Event ErrorLevel="0" Project="NoteBookClient" Source="NoteBookClient\Properties\AssemblyInfo.cs" Description="File successfully backed up as D:\Maxtor_1\Задачи\На заказ\C#\web-service\web-service\NoteBookService\Backup\NoteBookClient\Properties\AssemblyInfo.cs">
</Event><Event ErrorLevel="0" Project="NoteBookClient" Source="NoteBookClient\Properties\Resources.Designer.cs" Description="File successfully backed up as D:\Maxtor_1\Задачи\На заказ\C#\web-service\web-service\NoteBookService\Backup\NoteBookClient\Properties\Resources.Designer.cs">
</Event><Event ErrorLevel="0" Project="NoteBookClient" Source="NoteBookClient\Properties\Settings.Designer.cs" Description="File successfully backed up as D:\Maxtor_1\Задачи\На заказ\C#\web-service\web-service\NoteBookService\Backup\NoteBookClient\Properties\Settings.Designer.cs">
</Event><Event ErrorLevel="0" Project="NoteBookClient" Source="NoteBookClient\Service References\ServiceReference1\Reference.cs" Description="File successfully backed up as D:\Maxtor_1\Задачи\На заказ\C#\web-service\web-service\NoteBookService\Backup\NoteBookClient\Service References\ServiceReference1\Reference.cs">
</Event><Event ErrorLevel="0" Project="NoteBookClient" Source="NoteBookClient\app.config" Description="File successfully backed up as D:\Maxtor_1\Задачи\На заказ\C#\web-service\web-service\NoteBookService\Backup\NoteBookClient\app.config">
</Event><Event ErrorLevel="0" Project="NoteBookClient" Source="NoteBookClient\Properties\Settings.settings" Description="File successfully backed up as D:\Maxtor_1\Задачи\На заказ\C#\web-service\web-service\NoteBookService\Backup\NoteBookClient\Properties\Settings.settings">
</Event><Event ErrorLevel="0" Project="NoteBookClient" Source="NoteBookClient\Service References\ServiceReference1\NoteBookService.wsdl" Description="File successfully backed up as D:\Maxtor_1\Задачи\На заказ\C#\web-service\web-service\NoteBookService\Backup\NoteBookClient\Service References\ServiceReference1\NoteBookService.wsdl">
</Event><Event ErrorLevel="0" Project="NoteBookClient" Source="NoteBookClient\Service References\ServiceReference1\NoteBookService.disco" Description="File successfully backed up as D:\Maxtor_1\Задачи\На заказ\C#\web-service\web-service\NoteBookService\Backup\NoteBookClient\Service References\ServiceReference1\NoteBookService.disco">
</Event><Event ErrorLevel="0" Project="NoteBookClient" Source="NoteBookClient\Service References\ServiceReference1\configuration91.svcinfo" Description="File successfully backed up as D:\Maxtor_1\Задачи\На заказ\C#\web-service\web-service\NoteBookService\Backup\NoteBookClient\Service References\ServiceReference1\configuration91.svcinfo">
</Event><Event ErrorLevel="0" Project="NoteBookClient" Source="NoteBookClient\Service References\ServiceReference1\configuration.svcinfo" Description="File successfully backed up as D:\Maxtor_1\Задачи\На заказ\C#\web-service\web-service\NoteBookService\Backup\NoteBookClient\Service References\ServiceReference1\configuration.svcinfo">
</Event><Event ErrorLevel="0" Project="NoteBookClient" Source="NoteBookClient\Service References\ServiceReference1\NoteBookClient.ServiceReference1.Note.datasource" Description="File successfully backed up as D:\Maxtor_1\Задачи\На заказ\C#\web-service\web-service\NoteBookService\Backup\NoteBookClient\Service References\ServiceReference1\NoteBookClient.ServiceReference1.Note.datasource">
</Event><Event ErrorLevel="0" Project="NoteBookClient" Source="NoteBookClient\Service References\ServiceReference1\Reference.svcmap" Description="File successfully backed up as D:\Maxtor_1\Задачи\На заказ\C#\web-service\web-service\NoteBookService\Backup\NoteBookClient\Service References\ServiceReference1\Reference.svcmap">
</Event><Event ErrorLevel="0" Project="NoteBookClient" Source="NoteBookClient\frmNoteClient.resx" Description="File successfully backed up as D:\Maxtor_1\Задачи\На заказ\C#\web-service\web-service\NoteBookService\Backup\NoteBookClient\frmNoteClient.resx">
</Event><Event ErrorLevel="0" Project="NoteBookClient" Source="NoteBookClient\NoteForm.resx" Description="File successfully backed up as D:\Maxtor_1\Задачи\На заказ\C#\web-service\web-service\NoteBookService\Backup\NoteBookClient\NoteForm.resx">
</Event><Event ErrorLevel="0" Project="NoteBookClient" Source="NoteBookClient\Properties\Resources.resx" Description="File successfully backed up as D:\Maxtor_1\Задачи\На заказ\C#\web-service\web-service\NoteBookService\Backup\NoteBookClient\Properties\Resources.resx">
</Event><Event ErrorLevel="0" Project="NoteBookClient" Source="NoteBookClient\NoteBookClient.csproj" Description="Project converted successfully">
</Event><Event ErrorLevel="3" Project="NoteBookClient" Source="NoteBookClient\NoteBookClient.csproj" Description="Converted">
</Event><Event ErrorLevel="0" Project="NoteItems" Source="NoteItems\NoteItems.csproj" Description="Project file successfully backed up as D:\Maxtor_1\Задачи\На заказ\C#\web-service\web-service\NoteBookService\Backup\NoteItems\NoteItems.csproj">
</Event><Event ErrorLevel="0" Project="NoteItems" Source="NoteItems\Data.cs" Description="File successfully backed up as D:\Maxtor_1\Задачи\На заказ\C#\web-service\web-service\NoteBookService\Backup\NoteItems\Data.cs">
</Event><Event ErrorLevel="0" Project="NoteItems" Source="NoteItems\Properties\AssemblyInfo.cs" Description="File successfully backed up as D:\Maxtor_1\Задачи\На заказ\C#\web-service\web-service\NoteBookService\Backup\NoteItems\Properties\AssemblyInfo.cs">
</Event><Event ErrorLevel="0" Project="NoteItems" Source="NoteItems\NoteItems.csproj" Description="Project converted successfully">
</Event><Event ErrorLevel="3" Project="NoteItems" Source="NoteItems\NoteItems.csproj" Description="Converted">
</Event><Event ErrorLevel="0" Project="" Source="NoteBookService.sln" Description="Solution converted successfully">
</Event><Event ErrorLevel="3" Project="" Source="NoteBookService.sln" Description="Converted">
</Event><Event ErrorLevel="0" Project="NoteBookService" Source="NoteBookService\NoteBookService.csproj" Description="Scan complete: Upgrade not required for project files.">
</Event><Event ErrorLevel="0" Project="NoteBookClient" Source="NoteBookClient\NoteBookClient.csproj" Description="Scan complete: Upgrade not required for project files.">
</Event><Event ErrorLevel="0" Project="NoteItems" Source="NoteItems\NoteItems.csproj" Description="Scan complete: Upgrade not required for project files.">
</Event></UpgradeLog>