<?xml version="1.0" encoding="UTF-8"?><?xml-stylesheet type='text/xsl' href='_UpgradeReport_Files/UpgradeReport.xslt'?><UpgradeLog>
<Properties><Property Name="Solution" Value="CustomEnumerator">
</Property><Property Name="Solution File" Value="D:\MyCs\troelsen\troelsen\cd\Code\Chapter 9\CustomEnumerator\CustomEnumerator.sln">
</Property><Property Name="User Options File" Value="D:\MyCs\troelsen\troelsen\cd\Code\Chapter 9\CustomEnumerator\CustomEnumerator.suo">
</Property><Property Name="Date" Value="6 октября 2011 г.">
</Property><Property Name="Time" Value="0:15">
</Property></Properties><Event ErrorLevel="0" Project="" Source="CustomEnumerator.sln" Description="File successfully backed up as D:\MyCs\troelsen\troelsen\cd\Code\Chapter 9\CustomEnumerator\Backup\CustomEnumerator.sln">
</Event><Event ErrorLevel="0" Project="" Source="CustomEnumerator.suo" Description="File successfully backed up as D:\MyCs\troelsen\troelsen\cd\Code\Chapter 9\CustomEnumerator\Backup\CustomEnumerator.suo">
</Event><Event ErrorLevel="0" Project="CustomEnumerator" Source="CustomEnumerator.csproj" Description="Project file successfully backed up as D:\MyCs\troelsen\troelsen\cd\Code\Chapter 9\CustomEnumerator\Backup\CustomEnumerator.csproj">
</Event><Event ErrorLevel="0" Project="CustomEnumerator" Source="Car.cs" Description="File successfully backed up as D:\MyCs\troelsen\troelsen\cd\Code\Chapter 9\CustomEnumerator\Backup\Car.cs">
</Event><Event ErrorLevel="0" Project="CustomEnumerator" Source="Garage.cs" Description="File successfully backed up as D:\MyCs\troelsen\troelsen\cd\Code\Chapter 9\CustomEnumerator\Backup\Garage.cs">
</Event><Event ErrorLevel="0" Project="CustomEnumerator" Source="Program.cs" Description="File successfully backed up as D:\MyCs\troelsen\troelsen\cd\Code\Chapter 9\CustomEnumerator\Backup\Program.cs">
</Event><Event ErrorLevel="0" Project="CustomEnumerator" Source="Properties\AssemblyInfo.cs" Description="File successfully backed up as D:\MyCs\troelsen\troelsen\cd\Code\Chapter 9\CustomEnumerator\Backup\Properties\AssemblyInfo.cs">
</Event><Event ErrorLevel="0" Project="CustomEnumerator" Source="Radio.cs" Description="File successfully backed up as D:\MyCs\troelsen\troelsen\cd\Code\Chapter 9\CustomEnumerator\Backup\Radio.cs">
</Event><Event ErrorLevel="0" Project="CustomEnumerator" Source="CustomEnumerator.csproj" Description="Project converted successfully">
</Event><Event ErrorLevel="3" Project="CustomEnumerator" Source="CustomEnumerator.csproj" Description="Converted">
</Event><Event ErrorLevel="0" Project="" Source="CustomEnumerator.sln" Description="Solution converted successfully">
</Event><Event ErrorLevel="3" Project="" Source="CustomEnumerator.sln" Description="Converted">
</Event><Event ErrorLevel="0" Project="CustomEnumerator" Source="CustomEnumerator.csproj" Description="Scan complete: Upgrade not required for project files.">
</Event></UpgradeLog>