<?xml version="1.0" encoding="UTF-8"?><?xml-stylesheet type='text/xsl' href='_UpgradeReport_Files/UpgradeReport.xslt'?><UpgradeLog>
<Properties><Property Name="Solution" Value="L_11">
</Property><Property Name="Solution File" Value="D:\дубликат\дубликат\Презентации\Лекции C#\Демонстрационные материалы\C# Л.11\L_11\L_11.sln">
</Property><Property Name="User Options File" Value="D:\дубликат\дубликат\Презентации\Лекции C#\Демонстрационные материалы\C# Л.11\L_11\L_11.suo">
</Property><Property Name="Date" Value="28 февраля 2011 г.">
</Property><Property Name="Time" Value="21:47">
</Property></Properties><Event ErrorLevel="0" Project="" Source="L_11.sln" Description="File successfully backed up as D:\дубликат\дубликат\Презентации\Лекции C#\Демонстрационные материалы\C# Л.11\L_11\Backup\L_11.sln">
</Event><Event ErrorLevel="0" Project="" Source="L_11.suo" Description="File successfully backed up as D:\дубликат\дубликат\Презентации\Лекции C#\Демонстрационные материалы\C# Л.11\L_11\Backup\L_11.suo">
</Event><Event ErrorLevel="0" Project="L_11" Source="L_11\L_11.csproj" Description="Project file successfully backed up as D:\дубликат\дубликат\Презентации\Лекции C#\Демонстрационные материалы\C# Л.11\L_11\Backup\L_11\L_11.csproj">
</Event><Event ErrorLevel="0" Project="L_11" Source="L_11\Program.cs" Description="File successfully backed up as D:\дубликат\дубликат\Презентации\Лекции C#\Демонстрационные материалы\C# Л.11\L_11\Backup\L_11\Program.cs">
</Event><Event ErrorLevel="0" Project="L_11" Source="L_11\Properties\AssemblyInfo.cs" Description="File successfully backed up as D:\дубликат\дубликат\Презентации\Лекции C#\Демонстрационные материалы\C# Л.11\L_11\Backup\L_11\Properties\AssemblyInfo.cs">
</Event><Event ErrorLevel="1" Project="L_11" Source="L_11\L_11.csproj" Description="Your project is targeting .NET Framework 2.0 or 3.0. If your project uses assemblies requiring a newer .NET Framework, your project will fail to build. You can change the .NET Framework version by clicking Properties on the project menu and then selecting a new version in the '.NET Framework' dropdown box. (In Visual Basic, this is located on the Compile tab by clicking the 'Advanced Compiler Options...' button.)">
</Event><Event ErrorLevel="0" Project="L_11" Source="L_11\L_11.csproj" Description="Project converted successfully">
</Event><Event ErrorLevel="3" Project="L_11" Source="L_11\L_11.csproj" Description="Converted">
</Event><Event ErrorLevel="0" Project="" Source="L_11.sln" Description="Solution converted successfully">
</Event><Event ErrorLevel="3" Project="" Source="L_11.sln" Description="Converted">
</Event><Event ErrorLevel="0" Project="L_11" Source="L_11\L_11.csproj" Description="Scan complete: Upgrade not required for project files.">
</Event></UpgradeLog>