<?xml version="1.0" encoding="UTF-8"?><?xml-stylesheet type='text/xsl' href='_UpgradeReport_Files/UpgradeReport.xslt'?><UpgradeLog>
<Properties><Property Name="Solution" Value="L_9">
</Property><Property Name="Solution File" Value="C:\Documents and Settings\user\Рабочий стол\C# 3к. Л.6\C# Л6\L_9.sln">
</Property><Property Name="User Options File" Value="C:\Documents and Settings\user\Рабочий стол\C# 3к. Л.6\C# Л6\L_9.suo">
</Property><Property Name="Date" Value="13 октября 2011 г.">
</Property><Property Name="Time" Value="14:08">
</Property></Properties><Event ErrorLevel="0" Project="" Source="L_9.sln" Description="File successfully backed up as C:\Documents and Settings\user\Рабочий стол\C# 3к. Л.6\C# Л6\Backup\L_9.sln">
</Event><Event ErrorLevel="0" Project="" Source="L_9.suo" Description="File successfully backed up as C:\Documents and Settings\user\Рабочий стол\C# 3к. Л.6\C# Л6\Backup\L_9.suo">
</Event><Event ErrorLevel="0" Project="L_9" Source="L_9\L_9.csproj" Description="Project file successfully backed up as C:\Documents and Settings\user\Рабочий стол\C# 3к. Л.6\C# Л6\Backup\L_9\L_9.csproj">
</Event><Event ErrorLevel="0" Project="L_9" Source="L_9\Delegate\Class1.cs" Description="File successfully backed up as C:\Documents and Settings\user\Рабочий стол\C# 3к. Л.6\C# Л6\Backup\L_9\Delegate\Class1.cs">
</Event><Event ErrorLevel="0" Project="L_9" Source="L_9\Event\Subj.cs" Description="File successfully backed up as C:\Documents and Settings\user\Рабочий стол\C# 3к. Л.6\C# Л6\Backup\L_9\Event\Subj.cs">
</Event><Event ErrorLevel="0" Project="L_9" Source="L_9\Observer\Subj.cs" Description="File successfully backed up as C:\Documents and Settings\user\Рабочий стол\C# 3к. Л.6\C# Л6\Backup\L_9\Observer\Subj.cs">
</Event><Event ErrorLevel="0" Project="L_9" Source="L_9\Program.cs" Description="File successfully backed up as C:\Documents and Settings\user\Рабочий стол\C# 3к. Л.6\C# Л6\Backup\L_9\Program.cs">
</Event><Event ErrorLevel="0" Project="L_9" Source="L_9\Properties\AssemblyInfo.cs" Description="File successfully backed up as C:\Documents and Settings\user\Рабочий стол\C# 3к. Л.6\C# Л6\Backup\L_9\Properties\AssemblyInfo.cs">
</Event><Event ErrorLevel="0" Project="L_9" Source="L_9\SysEvent\Subj.cs" Description="File successfully backed up as C:\Documents and Settings\user\Рабочий стол\C# 3к. Л.6\C# Л6\Backup\L_9\SysEvent\Subj.cs">
</Event><Event ErrorLevel="1" Project="L_9" Source="L_9\L_9.csproj" Description="Your project is targeting .NET Framework 2.0 or 3.0. If your project uses assemblies requiring a newer .NET Framework, your project will fail to build. You can change the .NET Framework version by clicking Properties on the project menu and then selecting a new version in the '.NET Framework' dropdown box. (In Visual Basic, this is located on the Compile tab by clicking the 'Advanced Compiler Options...' button.)">
</Event><Event ErrorLevel="0" Project="L_9" Source="L_9\L_9.csproj" Description="Project converted successfully">
</Event><Event ErrorLevel="3" Project="L_9" Source="L_9\L_9.csproj" Description="Converted">
</Event><Event ErrorLevel="0" Project="" Source="L_9.sln" Description="Solution converted successfully">
</Event><Event ErrorLevel="3" Project="" Source="L_9.sln" Description="Converted">
</Event><Event ErrorLevel="0" Project="L_9" Source="L_9\L_9.csproj" Description="Scan complete: Upgrade not required for project files.">
</Event></UpgradeLog>