<?xml version="1.0" encoding="UTF-8"?><?xml-stylesheet type='text/xsl' href='_UpgradeReport_Files/UpgradeReport.xslt'?><UpgradeLog>
<Properties><Property Name="Solution" Value="L_10">
</Property><Property Name="Solution File" Value="C:\Documents and Settings\user\Рабочий стол\C# 3к. Л.8-9\L_10\L_10.sln">
</Property><Property Name="User Options File" Value="C:\Documents and Settings\user\Рабочий стол\C# 3к. Л.8-9\L_10\L_10.suo">
</Property><Property Name="Date" Value="3 ноября 2011 г.">
</Property><Property Name="Time" Value="12:33">
</Property></Properties><Event ErrorLevel="0" Project="" Source="L_10.sln" Description="File successfully backed up as C:\Documents and Settings\user\Рабочий стол\C# 3к. Л.8-9\L_10\Backup\L_10.sln">
</Event><Event ErrorLevel="0" Project="" Source="L_10.suo" Description="File successfully backed up as C:\Documents and Settings\user\Рабочий стол\C# 3к. Л.8-9\L_10\Backup\L_10.suo">
</Event><Event ErrorLevel="0" Project="L_10" Source="L_10\L_10.csproj" Description="Project file successfully backed up as C:\Documents and Settings\user\Рабочий стол\C# 3к. Л.8-9\L_10\Backup\L_10\L_10.csproj">
</Event><Event ErrorLevel="0" Project="L_10" Source="L_10\Calc\Calc.cs" Description="File successfully backed up as C:\Documents and Settings\user\Рабочий стол\C# 3к. Л.8-9\L_10\Backup\L_10\Calc\Calc.cs">
</Event><Event ErrorLevel="0" Project="L_10" Source="L_10\Delegate\Delegate.cs" Description="File successfully backed up as C:\Documents and Settings\user\Рабочий стол\C# 3к. Л.8-9\L_10\Backup\L_10\Delegate\Delegate.cs">
</Event><Event ErrorLevel="0" Project="L_10" Source="L_10\Example1\Change.cs" Description="File successfully backed up as C:\Documents and Settings\user\Рабочий стол\C# 3к. Л.8-9\L_10\Backup\L_10\Example1\Change.cs">
</Event><Event ErrorLevel="0" Project="L_10" Source="L_10\GenericExample\PatternArrays.cs" Description="File successfully backed up as C:\Documents and Settings\user\Рабочий стол\C# 3к. Л.8-9\L_10\Backup\L_10\GenericExample\PatternArrays.cs">
</Event><Event ErrorLevel="0" Project="L_10" Source="L_10\List\OneLinkList.cs" Description="File successfully backed up as C:\Documents and Settings\user\Рабочий стол\C# 3к. Л.8-9\L_10\Backup\L_10\List\OneLinkList.cs">
</Event><Event ErrorLevel="0" Project="L_10" Source="L_10\Person.cs" Description="File successfully backed up as C:\Documents and Settings\user\Рабочий стол\C# 3к. Л.8-9\L_10\Backup\L_10\Person.cs">
</Event><Event ErrorLevel="0" Project="L_10" Source="L_10\Program.cs" Description="File successfully backed up as C:\Documents and Settings\user\Рабочий стол\C# 3к. Л.8-9\L_10\Backup\L_10\Program.cs">
</Event><Event ErrorLevel="0" Project="L_10" Source="L_10\Properties\AssemblyInfo.cs" Description="File successfully backed up as C:\Documents and Settings\user\Рабочий стол\C# 3к. Л.8-9\L_10\Backup\L_10\Properties\AssemblyInfo.cs">
</Event><Event ErrorLevel="0" Project="L_10" Source="L_10\Stack\ArrayUpStack.cs" Description="File successfully backed up as C:\Documents and Settings\user\Рабочий стол\C# 3к. Л.8-9\L_10\Backup\L_10\Stack\ArrayUpStack.cs">
</Event><Event ErrorLevel="0" Project="L_10" Source="L_10\Stack\GenStack.cs" Description="File successfully backed up as C:\Documents and Settings\user\Рабочий стол\C# 3к. Л.8-9\L_10\Backup\L_10\Stack\GenStack.cs">
</Event><Event ErrorLevel="0" Project="L_10" Source="L_10\Stack\OneLinkStack.cs" Description="File successfully backed up as C:\Documents and Settings\user\Рабочий стол\C# 3к. Л.8-9\L_10\Backup\L_10\Stack\OneLinkStack.cs">
</Event><Event ErrorLevel="1" Project="L_10" Source="L_10\L_10.csproj" Description="Your project is targeting .NET Framework 2.0 or 3.0. If your project uses assemblies requiring a newer .NET Framework, your project will fail to build. You can change the .NET Framework version by clicking Properties on the project menu and then selecting a new version in the '.NET Framework' dropdown box. (In Visual Basic, this is located on the Compile tab by clicking the 'Advanced Compiler Options...' button.)">
</Event><Event ErrorLevel="0" Project="L_10" Source="L_10\L_10.csproj" Description="Project converted successfully">
</Event><Event ErrorLevel="3" Project="L_10" Source="L_10\L_10.csproj" Description="Converted">
</Event><Event ErrorLevel="0" Project="" Source="L_10.sln" Description="Solution converted successfully">
</Event><Event ErrorLevel="3" Project="" Source="L_10.sln" Description="Converted">
</Event><Event ErrorLevel="0" Project="L_10" Source="L_10\L_10.csproj" Description="Scan complete: Upgrade not required for project files.">
</Event></UpgradeLog>