<?xml version="1.0" encoding="UTF-8"?><?xml-stylesheet type='text/xsl' href='_UpgradeReport_Files/UpgradeReport.xslt'?><UpgradeLog>
<Properties><Property Name="Solution" Value="L_8">
</Property><Property Name="Solution File" Value="C:\Documents and Settings\user\Рабочий стол\C# 3к. Л.4\L_8\L_8.sln">
</Property><Property Name="User Options File" Value="C:\Documents and Settings\user\Рабочий стол\C# 3к. Л.4\L_8\L_8.suo">
</Property><Property Name="Date" Value="29 сентября 2011 г.">
</Property><Property Name="Time" Value="13:38">
</Property></Properties><Event ErrorLevel="0" Project="" Source="L_8.sln" Description="File successfully backed up as C:\Documents and Settings\user\Рабочий стол\C# 3к. Л.4\L_8\Backup\L_8.sln">
</Event><Event ErrorLevel="0" Project="" Source="L_8.suo" Description="File successfully backed up as C:\Documents and Settings\user\Рабочий стол\C# 3к. Л.4\L_8\Backup\L_8.suo">
</Event><Event ErrorLevel="0" Project="L_8" Source="L_8\L_8.csproj" Description="Project file successfully backed up as C:\Documents and Settings\user\Рабочий стол\C# 3к. Л.4\L_8\Backup\L_8\L_8.csproj">
</Event><Event ErrorLevel="0" Project="L_8" Source="L_8\N1\Clain.cs" Description="File successfully backed up as C:\Documents and Settings\user\Рабочий стол\C# 3к. Л.4\L_8\Backup\L_8\N1\Clain.cs">
</Event><Event ErrorLevel="0" Project="L_8" Source="L_8\N1\ClainP.cs" Description="File successfully backed up as C:\Documents and Settings\user\Рабочий стол\C# 3к. Л.4\L_8\Backup\L_8\N1\ClainP.cs">
</Event><Event ErrorLevel="0" Project="L_8" Source="L_8\N1\Interface1.cs" Description="File successfully backed up as C:\Documents and Settings\user\Рабочий стол\C# 3к. Л.4\L_8\Backup\L_8\N1\Interface1.cs">
</Event><Event ErrorLevel="0" Project="L_8" Source="L_8\N2\ClainTwo.cs" Description="File successfully backed up as C:\Documents and Settings\user\Рабочий стол\C# 3к. Л.4\L_8\Backup\L_8\N2\ClainTwo.cs">
</Event><Event ErrorLevel="0" Project="L_8" Source="L_8\N2\IProps.cs" Description="File successfully backed up as C:\Documents and Settings\user\Рабочий стол\C# 3к. Л.4\L_8\Backup\L_8\N2\IProps.cs">
</Event><Event ErrorLevel="0" Project="L_8" Source="L_8\N2\IPropsOne.cs" Description="File successfully backed up as C:\Documents and Settings\user\Рабочий стол\C# 3к. Л.4\L_8\Backup\L_8\N2\IPropsOne.cs">
</Event><Event ErrorLevel="0" Project="L_8" Source="L_8\N3\IParent.cs" Description="File successfully backed up as C:\Documents and Settings\user\Рабочий стол\C# 3к. Л.4\L_8\Backup\L_8\N3\IParent.cs">
</Event><Event ErrorLevel="0" Project="L_8" Source="L_8\N3\ISon1.cs" Description="File successfully backed up as C:\Documents and Settings\user\Рабочий стол\C# 3к. Л.4\L_8\Backup\L_8\N3\ISon1.cs">
</Event><Event ErrorLevel="0" Project="L_8" Source="L_8\N3\ISon2.cs" Description="File successfully backed up as C:\Documents and Settings\user\Рабочий стол\C# 3к. Л.4\L_8\Backup\L_8\N3\ISon2.cs">
</Event><Event ErrorLevel="0" Project="L_8" Source="L_8\N3\Pars.cs" Description="File successfully backed up as C:\Documents and Settings\user\Рабочий стол\C# 3к. Л.4\L_8\Backup\L_8\N3\Pars.cs">
</Event><Event ErrorLevel="0" Project="L_8" Source="L_8\Program.cs" Description="File successfully backed up as C:\Documents and Settings\user\Рабочий стол\C# 3к. Л.4\L_8\Backup\L_8\Program.cs">
</Event><Event ErrorLevel="0" Project="L_8" Source="L_8\Properties\AssemblyInfo.cs" Description="File successfully backed up as C:\Documents and Settings\user\Рабочий стол\C# 3к. Л.4\L_8\Backup\L_8\Properties\AssemblyInfo.cs">
</Event><Event ErrorLevel="1" Project="L_8" Source="L_8\L_8.csproj" Description="Your project is targeting .NET Framework 2.0 or 3.0. If your project uses assemblies requiring a newer .NET Framework, your project will fail to build. You can change the .NET Framework version by clicking Properties on the project menu and then selecting a new version in the '.NET Framework' dropdown box. (In Visual Basic, this is located on the Compile tab by clicking the 'Advanced Compiler Options...' button.)">
</Event><Event ErrorLevel="0" Project="L_8" Source="L_8\L_8.csproj" Description="Project converted successfully">
</Event><Event ErrorLevel="3" Project="L_8" Source="L_8\L_8.csproj" Description="Converted">
</Event><Event ErrorLevel="0" Project="" Source="L_8.sln" Description="Solution converted successfully">
</Event><Event ErrorLevel="3" Project="" Source="L_8.sln" Description="Converted">
</Event><Event ErrorLevel="0" Project="L_8" Source="L_8\L_8.csproj" Description="Scan complete: Upgrade not required for project files.">
</Event></UpgradeLog>